video,start_time,end_time
testbed_biting_1,2,9
testbed_biting_1,11,15
testbed_biting_10,1,15
testbed_biting_100,1,14
testbed_biting_101,1,15
testbed_biting_102,1,15
testbed_biting_103,1,15
testbed_biting_104,1,15
testbed_biting_105,1,15
testbed_biting_106,1,15
testbed_biting_107,1,15
testbed_biting_108,1,15
testbed_biting_109,1,15
testbed_biting_11,3,15
testbed_biting_110,1,15
testbed_biting_111,1,15
testbed_biting_112,1,15
testbed_biting_113,1,15
testbed_biting_114,1,15
testbed_biting_115,1,15
testbed_biting_116,1,9
testbed_biting_116,11,15
testbed_biting_117,1,7
testbed_biting_117,8,15
testbed_biting_118,1,15
testbed_biting_119,1,15
testbed_biting_12,1,15
testbed_biting_120,1,15
testbed_biting_121,1,15
testbed_biting_122,1,15
testbed_biting_123,1,15
testbed_biting_124,1,15
testbed_biting_125,1,15
testbed_biting_126,1,15
testbed_biting_127,1,15
testbed_biting_128,1,15
testbed_biting_129,1,15
testbed_biting_13,1,15
testbed_biting_130,1,15
testbed_biting_131,1,15
testbed_biting_132,1,15
testbed_biting_133,1,15
testbed_biting_134,1,15
testbed_biting_135,1,4
testbed_biting_136,1,6
testbed_biting_137,1,15
testbed_biting_138,1,15
testbed_biting_139,1,15
testbed_biting_14,1,15
testbed_biting_140,1,15
testbed_biting_141,1,15
testbed_biting_142,1,15
testbed_biting_143,1,15
testbed_biting_144,1,15
testbed_biting_145,1,15
testbed_biting_146,1,15
testbed_biting_147,1,15
testbed_biting_148,1,15
testbed_biting_149,1,15
testbed_biting_15,1,15
testbed_biting_150,1,15
testbed_biting_151,1,15
testbed_biting_152,1,15
testbed_biting_153,1,15
testbed_biting_154,1,15
testbed_biting_155,1,15
testbed_biting_156,1,15
testbed_biting_157,1,15
testbed_biting_158,1,15
testbed_biting_159,1,15
testbed_biting_16,1,15
testbed_biting_160,1,15
testbed_biting_17,1,15
testbed_biting_18,1,15
testbed_biting_19,1,15
testbed_biting_2,1,15
testbed_biting_20,1,15
testbed_biting_21,2,4
testbed_biting_21,7,15
testbed_biting_22,1,15
testbed_biting_23,1,15
testbed_biting_24,1,15
testbed_biting_25,1,15
testbed_biting_26,6,15
testbed_biting_27,1,15
testbed_biting_28,1,15
testbed_biting_29,1,15
testbed_biting_3,1,15
testbed_biting_30,1,15
testbed_biting_31,1,15
testbed_biting_32,1,15
testbed_biting_33,1,15
testbed_biting_34,1,15
testbed_biting_35,1,15
testbed_biting_36,1,15
testbed_biting_37,1,15
testbed_biting_38,1,15
testbed_biting_39,1,15
testbed_biting_4,1,15
testbed_biting_40,1,15
testbed_biting_41,1,15
testbed_biting_42,1,15
testbed_biting_43,1,15
testbed_biting_44,1,15
testbed_biting_45,1,15
testbed_biting_46,1,15
testbed_biting_47,1,15
testbed_biting_48,1,15
testbed_biting_49,1,15
testbed_biting_5,1,15
testbed_biting_50,1,15
testbed_biting_51,1,15
testbed_biting_52,1,15
testbed_biting_53,1,15
testbed_biting_54,1,15
testbed_biting_55,1,15
testbed_biting_56,1,15
testbed_biting_57,1,15
testbed_biting_58,1,15
testbed_biting_59,1,15
testbed_biting_6,1,15
testbed_biting_60,1,15
testbed_biting_61,1,15
testbed_biting_62,1,15
testbed_biting_63,1,15
testbed_biting_64,1,15
testbed_biting_65,1,15
testbed_biting_66,1,15
testbed_biting_67,1,15
testbed_biting_68,1,15
testbed_biting_69,2,9
testbed_biting_7,1,15
testbed_biting_70,2,9
testbed_biting_71,1,15
testbed_biting_72,1,15
testbed_biting_73,1,15
testbed_biting_74,1,15
testbed_biting_75,1,15
testbed_biting_76,1,15
testbed_biting_77,1,15
testbed_biting_78,1,15
testbed_biting_79,1,15
testbed_biting_8,1,15
testbed_biting_80,1,15
testbed_biting_81,1,15
testbed_biting_82,1,15
testbed_biting_83,1,15
testbed_biting_84,1,15
testbed_biting_85,1,15
testbed_biting_86,1,15
testbed_biting_87,1,15
testbed_biting_88,1,15
testbed_biting_89,1,15
testbed_biting_9,1,15
testbed_biting_90,1,15
testbed_biting_91,1,15
testbed_biting_92,1,15
testbed_biting_93,1,15
testbed_biting_94,1,15
testbed_biting_95,1,15
testbed_biting_96,1,15
testbed_biting_97,1,15
testbed_biting_98,1,15
testbed_biting_99,1,15
